{
  "total_rows": 24563,
  "train_rows": 19648,
  "test_rows": 4915,
  "train_games": 5229,
  "test_games": 1308,
  "feature_count": 26,
  "target_column": "upset_label",
  "best_model": "svm",
  "models": {
    "decision_tree": {
      "accuracy": 0.6984740590030519,
      "precision": 0.5415259959486833,
      "recall": 0.4996884735202492,
      "f1": 0.5197666882696047,
      "roc_auc": 0.6472762609293089
    },
    "knn": {
      "accuracy": 0.728585961342828,
      "precision": 0.6074544012688342,
      "recall": 0.47725856697819313,
      "f1": 0.534542916957432,
      "roc_auc": 0.7293678177146568
    },
    "naive_bayes": {
      "accuracy": 0.7066124109867752,
      "precision": 0.5589298626174982,
      "recall": 0.48161993769470407,
      "f1": 0.5174029451137885,
      "roc_auc": 0.7265339620332986
    },
    "svm": {
      "accuracy": 0.7239064089521872,
      "precision": 0.5588793922127255,
      "recall": 0.7333333333333333,
      "f1": 0.6343303691727297,
      "roc_auc": 0.8096695560512372
    },
    "random_forest": {
      "accuracy": 0.7621566632756867,
      "precision": 0.7022263450834879,
      "recall": 0.4716510903426791,
      "f1": 0.5642937010808796,
      "roc_auc": 0.8129028432673575
    }
  }
}